name,full_address,borough,street,city,country,site,type,subtypes,category,phone,postal_code,state,us_state,country_code,latitude,longitude,time_zone,plus_code,area_service,rating,reviews,reviews_link,reviews_tags,reviews_per_score,reviews_per_score_1,reviews_per_score_2,reviews_per_score_3,reviews_per_score_4,reviews_per_score_5,photos_count,photo,street_view,located_in,working_hours,working_hours_old_format,other_hours,popular_times,business_status,about,range,posts,logo,description,verified,owner_id,owner_title,owner_link,reservation_links,booking_appointment_link,menu_link,order_links,location_link,place_id,google_id,cid,reviews_id,located_google_id,email_1,email_1_full_name,email_1_title,email_2,email_2_full_name,email_2_title,email_3,email_3_full_name,email_3_title,phone_1,phone_2,phone_3,facebook,instagram,linkedin,medium,reddit,skype,snapchat,telegram,whatsapp,twitter,vimeo,youtube,github,crunchbase,website_title,website_generator,website_description,website_keywords,website_has_fb_pixel,website_has_google_tag
Hotel Atlas,"Tyr≈°ova 2063, 256 01 Bene≈°ov",,Tyr≈°ova 2063,Bene≈°ov,Czechia,http://www.hotel-atlas.cz/,Hotel,"Hotel, Ubytov√°n√≠",hotely,420737797075,256 01,,,CZ,49.781144499999996,14.684061499999999,Europe/Prague,,False,4.1,157.0,"https://search.google.com/local/reviews?placeid=ChIJ_bn6aKF_DEcRKXUGDWFptf0&q=ubytov%C3%A1n%C3%AD,+Bene%C5%A1ov,+Central+Bohemia,+Czech+Republic&authuser=0&hl=cs&gl=CZ",,"{""1"": 6, ""2"": 6, ""3"": 27, ""4"": 46, ""5"": 72}",6.0,6.0,27.0,46.0,72.0,147.0,https://lh5.googleusercontent.com/p/AF1QipNkGkvOJn9FF4UfYZ6n3WdtZq0pN6TJiqLWPiJl=w800-h500-k-no,https://lh5.googleusercontent.com/p/AF1QipNkGkvOJn9FF4UfYZ6n3WdtZq0pN6TJiqLWPiJl=w1600-h1000-k-no,,,,,,OPERATIONAL,"{""Other"": {""Wi-Fi zdarma"": true, ""Sn\u00eddan\u011b"": true, ""Wi-Fi"": true, ""Mazl\u00ed\u010dci v\u00edt\u00e1ni"": true, ""Star rating"": null, ""\u010cas odjezdu"": ""10:00"", ""\u010cas registrace"": ""14:00""}, ""Amenities"": {""Wi-Fi zdarma"": true}}",,,https://lh4.googleusercontent.com/-UcQXfY2figM/AAAAAAAAAAI/AAAAAAAAAAA/jTN3J6dn3sw/s44-p-k-no-ns-nd/photo.jpg,"Jednoduch√Ω, modern√≠ hotel s¬†neok√°zal√Ωmi pokoji, bowlingem a¬†bezplatnou Wi-Fi i¬†sn√≠dan√≠.",True,117335277934940000000,Hotel Atlas,https://www.google.com/maps/contrib/117335277934939879251,,,,,"https://www.google.com/maps/place/Hotel+Atlas/@49.781144499999996,14.684061499999999,14z/data=!4m8!1m2!2m1!1sHotel+Atlas!3m4!1s0x470c7fa168fab9fd:0xfdb569610d067529!8m2!3d49.781144499999996!4d14.684061499999999",ChIJ_bn6aKF_DEcRKXUGDWFptf0,0x470c7fa168fab9fd:0xfdb569610d067529,18281634127931700000,-165109945777884000,,info@hotel-atlas.cz,,,renata@benica.cz,,,petra.kmoskova@benica.cz,,,420317724771,,,,,,,,,,,,,,,,,Homepage :: Hotel Atlas,,V sam√©m centru mƒõsta Bene≈°ov je um√≠stƒõn t≈ô√≠hvƒõzdiƒçkov√Ω hotel Atlas s novƒõ zrekonstruovan√Ωmi hotelov√Ωmi pokoji. Jeho prostory nab√≠z√≠ komfortn√≠ ubytov√°n√≠ s..,Hotel Atlas,,
Sporthotel Zimn√≠ stadion Bene≈°ov,"Hr√°sk√©ho 1913, 256 01 Bene≈°ov",,Hr√°sk√©ho 1913,Bene≈°ov,Czechia,https://www.mszbenesov.cz/hotel-a-restaurace/hotel,Hotel,Hotel,hotely,,256 01,,,CZ,49.778510399999995,14.695793499999999,Europe/Prague,,False,4.2,168.0,"https://search.google.com/local/reviews?placeid=ChIJcfSf1ah_DEcRUcBdLHXl-OI&q=ubytov%C3%A1n%C3%AD,+Bene%C5%A1ov,+Central+Bohemia,+Czech+Republic&authuser=0&hl=cs&gl=CZ",,"{""1"": 4, ""2"": 9, ""3"": 22, ""4"": 46, ""5"": 87}",4.0,9.0,22.0,46.0,87.0,124.0,https://lh5.googleusercontent.com/p/AF1QipOs94XFeir5BLfrf7QWCPzTNw8fDvxJFIA4RvUn=w800-h500-k-no,https://lh5.googleusercontent.com/p/AF1QipOs94XFeir5BLfrf7QWCPzTNw8fDvxJFIA4RvUn=w1600-h1000-k-no,,,,,,OPERATIONAL,"{""Other"": {""Parkov\u00e1n\u00ed zdarma"": true, ""Wi-Fi zdarma"": true, ""Sn\u00eddan\u011b"": true, ""Wi-Fi"": true, ""Star rating"": null, ""\u010cas registrace"": ""14:00""}, ""Amenities"": {""Wi-Fi zdarma"": true}}",,,https://lh5.googleusercontent.com/-B5NO0wEM6Eo/AAAAAAAAAAI/AAAAAAAAAAA/YdD0Q17Ymyw/s44-p-k-no-ns-nd/photo.jpg,,True,116149318249733000000,Sporthotel Zimn√≠ stadion Bene≈°ov,https://www.google.com/maps/contrib/116149318249732792105,,,,,"https://www.google.com/maps/place/Sporthotel+Zimn%C3%AD+stadion+Bene%C5%A1ov/@49.778510399999995,14.695793499999999,14z/data=!4m8!1m2!2m1!1sSporthotel+Zimn%C3%AD+stadion+Bene%C5%A1ov!3m4!1s0x470c7fa8d59ff471:0xe2f8e5752c5dc051!8m2!3d49.778510399999995!4d14.695793499999999",ChIJcfSf1ah_DEcRUcBdLHXl-OI,0x470c7fa8d59ff471:0xe2f8e5752c5dc051,16355074338214200000,-2091669735495320000,,msz@mszbenesov.cz,,,dusilova@mszbenesov.cz,,,krcilova@mszbenesov.cz,,,420317723012,,,https://www.facebook.com/mszbenesov.cz/,https://www.instagram.com/mszbenesov,,,,,,,,,,,,,Mƒõstsk√° sportovn√≠ za≈ô√≠zen√≠ Bene≈°ov,,,,False,True
Bellevue Hotel Bene≈°ov,"Na Karlovƒõ 97, 256 01 Bene≈°ov",,Na Karlovƒõ 97,Bene≈°ov,Czechia,http://www.bellevuehotelbenesov.cz/,Hotel,Hotel,hotely,420317700825,256 01,,,CZ,49.7848794,14.6905068,Europe/Prague,,False,4.5,343.0,"https://search.google.com/local/reviews?placeid=ChIJ16pNbqd_DEcRfdqYlXgaDIY&q=ubytov%C3%A1n%C3%AD,+Bene%C5%A1ov,+Central+Bohemia,+Czech+Republic&authuser=0&hl=cs&gl=CZ",,"{""1"": 9, ""2"": 10, ""3"": 24, ""4"": 72, ""5"": 228}",9.0,10.0,24.0,72.0,228.0,592.0,https://lh5.googleusercontent.com/p/AF1QipOyd0NNeuJv419w-bYgWzfX9negeiOMxSwqtuF4=w800-h500-k-no,https://lh5.googleusercontent.com/p/AF1QipOyd0NNeuJv419w-bYgWzfX9negeiOMxSwqtuF4=w1600-h1000-k-no,,,,,,OPERATIONAL,"{""Other"": {""L\u00e1zn\u011b"": true, ""Sn\u00eddan\u011b zdarma"": true, ""Wi-Fi zdarma"": true, ""Sn\u00eddan\u011b"": true, ""Star rating"": null, ""\u010cas odjezdu"": ""10:00"", ""\u010cas registrace"": ""14:00""}, ""Amenities"": {""Wi-Fi zdarma"": true, ""Sn\u00eddan\u011b zdarma"": true}}",,,https://lh3.googleusercontent.com/-5EeX-PIluCA/AAAAAAAAAAI/AAAAAAAAAAA/bKjW9dAwxcU/s44-p-k-no-ns-nd/photo.jpg,"Elegantn√≠ ubytov√°n√≠ s¬†vkusnou restaurac√≠, wellness centrem, zahr√°dkou a¬†sn√≠dan√≠.",True,108526612224618000000,Bellevue Hotel Bene≈°ov,https://www.google.com/maps/contrib/108526612224618013522,,,,,"https://www.google.com/maps/place/Bellevue+Hotel+Bene%C5%A1ov/@49.7848794,14.6905068,14z/data=!4m8!1m2!2m1!1sBellevue+Hotel+Bene%C5%A1ov!3m4!1s0x470c7fa76e4daad7:0x860c1a789598da7d!8m2!3d49.7848794!4d14.6905068",ChIJ16pNbqd_DEcRfdqYlXgaDIY,0x470c7fa76e4daad7:0x860c1a789598da7d,9659124406011090000,-8787619667698460000,,fb@bellevuehotels.cz,,,reservation@bellevuehotels.cz,,,reservationkarlov@bellevuehotels.cz,,,420380720109,420380720109,420317700825,https://www.facebook.com/bellevuehotelkarlov/,https://www.instagram.com/bellevuehotelkarlov,,,,,,,,,,,,,V√≠tejte | Hotel Bellevue ƒåesk√Ω Krumlov  - DESIGN BOUTIQUE HOTEL,,,,,
Hotel Benica,"Ke Stadionu 2045, 256 01 Bene≈°ov",,Ke Stadionu 2045,Bene≈°ov,Czechia,http://www.benica.cz/,Hotel,"Hotel, ≈†kolic√≠ centrum, Restaurace, Obƒçerstven√≠ pro svatby, Organizace svateb",hotely,420737797213,256 01,,,CZ,49.7760374,14.6763079,Europe/Prague,,False,3.9,384.0,"https://search.google.com/local/reviews?placeid=ChIJg3hrVb1_DEcRZUF2HKp6WEA&q=ubytov%C3%A1n%C3%AD,+Bene%C5%A1ov,+Central+Bohemia,+Czech+Republic&authuser=0&hl=cs&gl=CZ",,"{""1"": 22, ""2"": 29, ""3"": 68, ""4"": 94, ""5"": 171}",22.0,29.0,68.0,94.0,171.0,376.0,https://lh5.googleusercontent.com/p/AF1QipPf_54BtZdMOip7iPuG805_005ewEmPOYZ9T9Xo=w800-h500-k-no,https://lh5.googleusercontent.com/p/AF1QipPf_54BtZdMOip7iPuG805_005ewEmPOYZ9T9Xo=w1600-h1000-k-no,,,,,,OPERATIONAL,"{""Other"": {""Baz\u00e9n"": true, ""Parkov\u00e1n\u00ed zdarma"": true, ""Sn\u00eddan\u011b zdarma"": true, ""Wi-Fi zdarma"": true, ""Star rating"": null, ""\u010cas odjezdu"": ""10:00"", ""\u010cas registrace"": ""14:00""}, ""Amenities"": {""Wi-Fi zdarma"": true, ""Sn\u00eddan\u011b zdarma"": true}}",,,https://lh6.googleusercontent.com/-lJnMTr-MI3Q/AAAAAAAAAAI/AAAAAAAAAAA/oPe9k2zvkIw/s44-p-k-no-ns-nd/photo.jpg,"Klidn√Ω hotel s¬†restaurac√≠, zahradou a¬†bezplatn√Ωm parkov√°n√≠m, Wi-Fi i¬†sn√≠dan√≠.",True,115746741548398000000,Hotel Benica,https://www.google.com/maps/contrib/115746741548397504133,,,,,"https://www.google.com/maps/place/Hotel+Benica/@49.7760374,14.6763079,14z/data=!4m8!1m2!2m1!1sHotel+Benica!3m4!1s0x470c7fbd556b7883:0x40587aaa1c764165!8m2!3d49.7760374!4d14.6763079",ChIJg3hrVb1_DEcRZUF2HKp6WEA,0x470c7fbd556b7883:0x40587aaa1c764165,4636590687418470000,4636590687418470000,,petra.kmoskova@benica.cz,,,renata@benica.cz,,,radek.bares@benica.cz,,,420737797213,,,https://www.facebook.com/Restauraceukonopiste/,,,,,,,,,,,,,,Hotel Benica :: Hotel Benica,,Hotel Benica - kvalitn√≠ hotel v Bene≈°ovƒõ na trase mezi Prahou a ƒåesk√Ωmi Budƒõjovicemi.,"hotel, konference, bene≈°ov",,
S-centrum Bene≈°ov,"U Vod√°rny 2215, 256 01 Bene≈°ov",,U Vod√°rny 2215,Bene≈°ov,Czechia,http://www.scentrum.eu/,Hotel,"Hotel, Badmintonov√© h≈ôi≈°tƒõ, Bowling / Ku≈æelky, Sportovn√≠ hala / tƒõlocviƒçna, P≈ô√≠prava konferenc√≠, Restaurace, Sportovn√≠ komplex, Tenisov√Ω klub, Wellness centrum",hotely,420773129261,256 01,,,CZ,49.774043999999996,14.6959962,Europe/Prague,,False,4.3,617.0,"https://search.google.com/local/reviews?placeid=ChIJkXmvBK5_DEcRl8gaJ0ejf00&q=ubytov%C3%A1n%C3%AD,+Bene%C5%A1ov,+Central+Bohemia,+Czech+Republic&authuser=0&hl=cs&gl=CZ",,"{""1"": 14, ""2"": 12, ""3"": 65, ""4"": 211, ""5"": 315}",14.0,12.0,65.0,211.0,315.0,612.0,https://lh5.googleusercontent.com/p/AF1QipMfHBRLeOKMAhuzluucTDfc5PjNmW_8CyY2b-Zu=w800-h500-k-no,https://lh5.googleusercontent.com/p/AF1QipMfHBRLeOKMAhuzluucTDfc5PjNmW_8CyY2b-Zu=w1600-h1000-k-no,,,,,,OPERATIONAL,"{""Other"": {""Baz\u00e9n"": true, ""Parkov\u00e1n\u00ed zdarma"": true, ""Sn\u00eddan\u011b zdarma"": true, ""Wi-Fi zdarma"": true, ""Star rating"": null, ""\u010cas odjezdu"": ""10:00"", ""\u010cas registrace"": ""14:00""}, ""Amenities"": {""Wi-Fi zdarma"": true, ""Sn\u00eddan\u011b zdarma"": true}}",,,https://lh3.googleusercontent.com/-WH4F0nstCDo/AAAAAAAAAAI/AAAAAAAAAAA/6jSJcXSj2Hc/s44-p-k-no-ns-nd/photo.jpg,"Neform√°ln√≠ ubytov√°n√≠ ve sportovn√≠m komplexu s¬†jednoduch√Ωmi pokoji, venkovn√≠m baz√©nem a¬†italskou restaurac√≠.",True,109916829840436000000,S-centrum Bene≈°ov,https://www.google.com/maps/contrib/109916829840436396922,,,,,"https://www.google.com/maps/place/S-centrum+Bene%C5%A1ov/@49.774043999999996,14.6959962,14z/data=!4m8!1m2!2m1!1sS-centrum+Bene%C5%A1ov!3m4!1s0x470c7fae04af7991:0x4d7fa347271ac897!8m2!3d49.774043999999996!4d14.6959962",ChIJkXmvBK5_DEcRl8gaJ0ejf00,0x470c7fae04af7991:0x4d7fa347271ac897,5584361588956780000,5584361588956780000,,info@scentrum.eu,,,havlatova@hj-original.cz,,,,,,420773129261,,,https://www.facebook.com/scentrum,https://www.instagram.com/scentrumbenesov,,,,,,,,,,,,,S-centrum Bene≈°ov - ofici√°ln√≠ str√°nky,,"Sportovnƒõ relaxaƒçn√≠ hotelov√Ω komplex v klidn√© ƒç√°sti Bene≈°ova je ide√°ln√≠m za≈ô√≠zen√≠m nejen pro aktivn√≠, ale tak√© pro p≈ô√≠jemn√© a zdrav√≠ prospƒõ≈°n√© tr√°ven√≠ voln√©ho ƒçasu.","ubytov√°n√≠, sportovn√≠ za≈ô√≠zen√≠, hotel, bowling, tenis, badminton, wellness, sport, restaurace, Bene≈°ov, Konopi≈°tƒõ",,
Pension Konopi≈°tƒõ,"Konopi≈°tƒõ 30, 256 01 Bene≈°ov",,Konopi≈°tƒõ 30,Bene≈°ov,Czechia,http://www.pension-konopiste.cz/,Hotel,"Hotel, Penzion",hotely,420737230294,256 01,,,CZ,49.7830017,14.657095799999999,Europe/Prague,,False,4.3,103.0,"https://search.google.com/local/reviews?placeid=ChIJYZ_OpIZ_DEcRhwIEzMhj6y4&q=ubytov%C3%A1n%C3%AD,+Bene%C5%A1ov,+Central+Bohemia,+Czech+Republic&authuser=0&hl=cs&gl=CZ",,"{""1"": 5, ""2"": 4, ""3"": 6, ""4"": 25, ""5"": 63}",5.0,4.0,6.0,25.0,63.0,376.0,https://lh5.googleusercontent.com/p/AF1QipOX8J5N7YPnxKCBh3DiNzXeTqYOvHF4eBRJGSFm=w800-h500-k-no,https://lh5.googleusercontent.com/p/AF1QipOX8J5N7YPnxKCBh3DiNzXeTqYOvHF4eBRJGSFm=w1600-h1000-k-no,,,,,,OPERATIONAL,"{""Other"": {""Sn\u00eddan\u011b zdarma"": true, ""Wi-Fi zdarma"": true, ""Klimatizace"": true, ""Sn\u00eddan\u011b"": true, ""Star rating"": null, ""\u010cas registrace"": ""14:00""}, ""Amenities"": {""Wi-Fi zdarma"": true, ""Sn\u00eddan\u011b zdarma"": true}}",,,https://lh3.googleusercontent.com/-uUPdlU81k5s/AAAAAAAAAAI/AAAAAAAAAAA/D8h_2QUHoBw/s44-p-k-no-ns-nd/photo.jpg,,True,106355833828107000000,Pension Konopi≈°tƒõ,https://www.google.com/maps/contrib/106355833828106892595,,,,,"https://www.google.com/maps/place/Pension+Konopi%C5%A1t%C4%9B/@49.7830017,14.657095799999999,14z/data=!4m8!1m2!2m1!1sPension+Konopi%C5%A1t%C4%9B!3m4!1s0x470c7f86a4ce9f61:0x2eeb63c8cc040287!8m2!3d49.7830017!4d14.657095799999999",ChIJYZ_OpIZ_DEcRhwIEzMhj6y4,0x470c7f86a4ce9f61:0x2eeb63c8cc040287,3380905659339110000,3380905659339110000,,info@pension-konopiste.cz,,,,,,,,,,,,,,,,,,,,,,,,,,,,,,,
Hotel Posta,"Tyr≈°ova 162, 256 01 Bene≈°ov",,Tyr≈°ova 162,Bene≈°ov,Czechia,http://www.hotelpostabenesov.cz/,Hotel,Hotel,hotely,420317721071,256 01,,,CZ,49.782539299999996,14.6887948,Europe/Prague,,False,3.3,198.0,"https://search.google.com/local/reviews?placeid=ChIJE_OYH6d_DEcRu2nQ42Kwg3M&q=ubytov%C3%A1n%C3%AD,+Bene%C5%A1ov,+Central+Bohemia,+Czech+Republic&authuser=0&hl=cs&gl=CZ",,"{""1"": 27, ""2"": 30, ""3"": 49, ""4"": 39, ""5"": 53}",27.0,30.0,49.0,39.0,53.0,266.0,https://lh5.googleusercontent.com/p/AF1QipMncoKTkFCk9ZknrDEzUllUxQrwpDm00U2BBcMD=w800-h500-k-no,https://lh5.googleusercontent.com/p/AF1QipMncoKTkFCk9ZknrDEzUllUxQrwpDm00U2BBcMD=w1600-h1000-k-no,,,,,,OPERATIONAL,"{""Other"": {""Mazl\u00ed\u010dci v\u00edt\u00e1ni"": true, ""Star rating"": null, ""\u010cas odjezdu"": ""10:00"", ""\u010cas registrace"": ""14:00""}}",,,,"Decentn√≠ pokoje a¬†apartm√°ny v¬†jednodu≈°e za≈ô√≠zen√©m hotelu, nab√≠zej√≠c√≠m tak√© elegantn√≠ restauraci s¬†barem.",False,,Hotel Posta,,,,,,"https://www.google.com/maps/place/Hotel+Posta/@49.782539299999996,14.6887948,14z/data=!4m8!1m2!2m1!1sHotel+Posta!3m4!1s0x470c7fa71f98f313:0x7383b062e3d069bb!8m2!3d49.782539299999996!4d14.6887948",ChIJE_OYH6d_DEcRu2nQ42Kwg3M,0x470c7fa71f98f313:0x7383b062e3d069bb,8323690475086180000,8323690475086180000,,recepce@hotelpostabenesov.cz,,,,,,,,,,,,https://www.facebook.com/hotelpostamusicclub/,,,,,,,,,,,,,,Hotel Po≈°ta Bene≈°ov,,Hotel Po≈°ta Bene≈°ov,"Hotel, Bene≈°ov, Po≈°ta, Hotel Po≈°ta, Hotel Po≈°ta Bene≈°ov",,
Penzion Bedrƒç,"Bedrƒç 14, 256 01 Bene≈°ov",,Bedrƒç 14,Bene≈°ov,Czechia,https://www.bedrcpenzion.cz/,Ubytov√°n√≠ pod st≈ôechou,"Ubytov√°n√≠ pod st≈ôechou, Penzion",Ubytov√°n√≠ pod st≈ôechou,420777602602,256 01,,,CZ,49.8078047,14.7181047,Europe/Prague,,False,4.0,76.0,"https://search.google.com/local/reviews?placeid=ChIJW5taim9_DEcRiY7XkZTHLGE&q=ubytov%C3%A1n%C3%AD,+Bene%C5%A1ov,+Central+Bohemia,+Czech+Republic&authuser=0&hl=cs&gl=CZ",,"{""1"": 8, ""2"": 4, ""3"": 10, ""4"": 14, ""5"": 40}",8.0,4.0,10.0,14.0,40.0,255.0,https://lh3.googleusercontent.com/gps-proxy/AGL7lfAHDqudFlSmEpQNfFm85ogsprfYmcisb-lKcf4HxZaBKNVPaNw_77QJOWIwaybcqagY1-IhYv4gcGEVbg6y_pdQdt8N34HbvyzxSbvM2Khow9Aa5bRSZhO1oQLZwN-hhCn1icRVpcNXFZU3FL0fp6ZcSasV30OuU7F_9F1LSOoBudP0xNROef81wQ=w800-h500-k-no,https://lh3.googleusercontent.com/gps-proxy/AGL7lfAHDqudFlSmEpQNfFm85ogsprfYmcisb-lKcf4HxZaBKNVPaNw_77QJOWIwaybcqagY1-IhYv4gcGEVbg6y_pdQdt8N34HbvyzxSbvM2Khow9Aa5bRSZhO1oQLZwN-hhCn1icRVpcNXFZU3FL0fp6ZcSasV30OuU7F_9F1LSOoBudP0xNROef81wQ=w1600-h1000-k-no,,,,,,OPERATIONAL,"{""Other"": {""Wi-Fi zdarma"": true, ""Wi-Fi"": true, ""Parkov\u00e1n\u00ed"": true, ""Star rating"": null, ""\u010cas odjezdu"": ""11:00""}, ""Amenities"": {""Wi-Fi zdarma"": true}}",,,https://lh3.googleusercontent.com/-wU6AR5cXAbU/AAAAAAAAAAI/AAAAAAAAAAA/wVJ5Bm2GlTA/s44-p-k-no-ns-nd/photo.jpg,,True,112881982279928000000,Penzion Bedrƒç,https://www.google.com/maps/contrib/112881982279927772805,,,,,"https://www.google.com/maps/place/Penzion+Bedr%C4%8D/@49.8078047,14.7181047,14z/data=!4m8!1m2!2m1!1sPenzion+Bedr%C4%8D!3m4!1s0x470c7f6f8a5a9b5b:0x612cc79491d78e89!8m2!3d49.8078047!4d14.7181047",ChIJW5taim9_DEcRiY7XkZTHLGE,0x470c7f6f8a5a9b5b:0x612cc79491d78e89,7002190961570190000,7002190961570190000,,milako.sro@seznam.cz,,,,,,,,,,,,,,,,,,,,,,,,,,"Penzion Apartm√° Ubytov√°n√≠ Bedrƒç 14, Bene≈°ov, St≈ôedoƒçesk√Ω kraj",,Ubytov√°n√≠ Penzion Apartm√° Bedrƒç 14 Bene≈°ov St≈ôedn√≠ ƒçechy,Ubytov√°n√≠ Penzion Apartm√° Bedrƒç 14 Bene≈°ov St≈ôedn√≠ ƒçechy,,
Dv≈Ør Pec√≠nov,"Pec√≠nov 1, 256 01 Bene≈°ov",,Pec√≠nov 1,Bene≈°ov,Czechia,http://www.pecinov.com/cz/kontakt,Hotel,"Hotel, Bowling / Ku≈æelky, J√≠zda na koni, Restaurace, Baz√©n, Tenisov√Ω kurt, Organizace svateb",hotely,420605904034,256 01,,,CZ,49.749827499999995,14.7349137,Europe/Prague,,False,4.4,692.0,"https://search.google.com/local/reviews?placeid=ChIJsWYf_GB-DEcRVn2XZwC-lGE&q=ubytov%C3%A1n%C3%AD,+Bene%C5%A1ov,+Central+Bohemia,+Czech+Republic&authuser=0&hl=cs&gl=CZ",,"{""1"": 18, ""2"": 22, ""3"": 54, ""4"": 152, ""5"": 446}",18.0,22.0,54.0,152.0,446.0,1419.0,https://lh5.googleusercontent.com/p/AF1QipORktvihA0wkXrq-nw3X2ACf0epke3WX6eeLy0_=w800-h500-k-no,https://lh5.googleusercontent.com/p/AF1QipORktvihA0wkXrq-nw3X2ACf0epke3WX6eeLy0_=w1600-h1000-k-no,,,,,,OPERATIONAL,"{""Other"": {""Baz\u00e9n"": true, ""Parkov\u00e1n\u00ed zdarma"": true, ""Sn\u00eddan\u011b zdarma"": true, ""Wi-Fi zdarma"": true, ""Star rating"": null, ""\u010cas odjezdu"": ""10:00"", ""\u010cas registrace"": ""14:00""}, ""Amenities"": {""Wi-Fi zdarma"": true, ""Sn\u00eddan\u011b zdarma"": true}}",,,https://lh6.googleusercontent.com/-fV7ltbLfuR4/AAAAAAAAAAI/AAAAAAAAAAA/Yur4kvu1nnM/s44-p-k-no-ns-nd/photo.jpg,"Stylov√© pokoje v¬†luxusn√≠m hotelu s¬†rustik√°ln√≠ restaurac√≠, wellness a¬†venkovn√≠m baz√©nem.",True,107877816150953000000,Dv≈Ør Pec√≠nov,https://www.google.com/maps/contrib/107877816150952978078,,,,,"https://www.google.com/maps/place/Dv%C5%AFr+Pec%C3%ADnov/@49.749827499999995,14.7349137,14z/data=!4m8!1m2!2m1!1sDv%C5%AFr+Pec%C3%ADnov!3m4!1s0x470c7e60fc1f66b1:0x6194be0067977d56!8m2!3d49.749827499999995!4d14.7349137",ChIJsWYf_GB-DEcRVn2XZwC-lGE,0x470c7e60fc1f66b1:0x6194be0067977d56,7031453827179450000,7031453827179450000,,info@pecinov.eu,,,events@pecinov.eu,,,svatba@pecinov.eu,,,,,,https://www.facebook.com/pecinovcom,,,,,,,,,,,,,,Dv≈Ør Pec√≠nov - O√°za klidu nedaleko Bene≈°ova u Prahy,,,,,
Ubytov√°n√≠ Bo≈ôe≈àovice,"Bo≈ôe≈àovice 54, 256 01 Struha≈ôov",,Bo≈ôe≈àovice 54,Struha≈ôov,Czechia,https://ubytovaniborenovice.business.site/?utm_source=gmb&utm_medium=referral,Ubytov√°n√≠ na farmƒõ,Ubytov√°n√≠ na farmƒõ,Ubytov√°n√≠ na farmƒõ,420737534344,256 01,,,CZ,49.7645735,14.7917361,Europe/Prague,,False,3.9,12.0,"https://search.google.com/local/reviews?placeid=ChIJL4u0Okd9DEcR049cKSmsZRQ&q=ubytov%C3%A1n%C3%AD,+Bene%C5%A1ov,+Central+Bohemia,+Czech+Republic&authuser=0&hl=cs&gl=CZ",,"{""1"": 2, ""2"": 0, ""3"": 2, ""4"": 1, ""5"": 7}",2.0,0.0,2.0,1.0,7.0,106.0,https://lh5.googleusercontent.com/p/AF1QipN-azjLNe46EuskX-J1LbjTLojFu-GLgRBnTb_I=w800-h500-k-no,https://lh5.googleusercontent.com/p/AF1QipN-azjLNe46EuskX-J1LbjTLojFu-GLgRBnTb_I=w1600-h1000-k-no,,,,,,OPERATIONAL,"{""Other"": {""Baz\u00e9n"": true, ""Parkov\u00e1n\u00ed zdarma"": true, ""Wi-Fi zdarma"": true, ""Wi-Fi"": true, ""Star rating"": null, ""\u010cas registrace"": ""14:00""}, ""Amenities"": {""Wi-Fi zdarma"": true}}",,,https://lh5.googleusercontent.com/-JqwyrecaspI/AAAAAAAAAAI/AAAAAAAAAAA/9sA73aXOyTc/s44-p-k-no-ns-nd/photo.jpg,,True,115708216550041000000,Ubytov√°n√≠ Bo≈ôe≈àovice,https://www.google.com/maps/contrib/115708216550041360544,,,,,"https://www.google.com/maps/place/Ubytov%C3%A1n%C3%AD+Bo%C5%99e%C5%88ovice/@49.7645735,14.7917361,14z/data=!4m8!1m2!2m1!1sUbytov%C3%A1n%C3%AD+Bo%C5%99e%C5%88ovice!3m4!1s0x470c7d473ab48b2f:0x1465ac29295c8fd3!8m2!3d49.7645735!4d14.7917361",ChIJL4u0Okd9DEcR049cKSmsZRQ,0x470c7d473ab48b2f:0x1465ac29295c8fd3,1469770146193900000,1469770146193900000,,,,,,,,,,,420737534344,,,,,,,,,,,,,,,,,Ubytov√°n√≠ Bo≈ôe≈àovice - Ubytov√°n√≠ Na Farmƒõ ,,,,,
Hotel T√Ωnec,"Klus√°ƒçkova 2, 257 41 T√Ωnec nad S√°zavou",,Klus√°ƒçkova 2,T√Ωnec nad S√°zavou,Czechia,https://tynec.hotelc1.top/,Hotel,"Hotel, Kulturn√≠ centrum, Spoleƒçensk√Ω klub, Turistick√© informaƒçn√≠ st≈ôedisko",hotely,420775290032,257 41,,,CZ,49.829860599999996,14.5911569,Europe/Prague,,False,4.3,172.0,"https://search.google.com/local/reviews?placeid=ChIJQYdImjeBC0cRRSuH2TBXgXw&q=ubytov%C3%A1n%C3%AD,+Bene%C5%A1ov,+Central+Bohemia,+Czech+Republic&authuser=0&hl=cs&gl=CZ",,"{""1"": 7, ""2"": 1, ""3"": 28, ""4"": 42, ""5"": 94}",7.0,1.0,28.0,42.0,94.0,363.0,https://lh3.googleusercontent.com/gps-proxy/AGL7lfCWH3zdI_sK-VNeBFKOX7_OH8zSTnWQgNyt-l_UaA8LY5zNk1c-1GNGDRI3VLS3UrU8gYbkG0wnqn9cOZHWA5vic18-iVtfzYBN6dPRxwmlC5yw9L1ChHpAclpcdJMWjP-yq5BDxYv2ydzT1uW9X9IDJRZU0i_Nbnv97FuO46Z8k-bRejIbzBz4=w800-h500-k-no,https://lh3.googleusercontent.com/gps-proxy/AGL7lfCWH3zdI_sK-VNeBFKOX7_OH8zSTnWQgNyt-l_UaA8LY5zNk1c-1GNGDRI3VLS3UrU8gYbkG0wnqn9cOZHWA5vic18-iVtfzYBN6dPRxwmlC5yw9L1ChHpAclpcdJMWjP-yq5BDxYv2ydzT1uW9X9IDJRZU0i_Nbnv97FuO46Z8k-bRejIbzBz4=w1600-h1000-k-no,,,,,,OPERATIONAL,"{""Other"": {""Parkov\u00e1n\u00ed zdarma"": true, ""Sn\u00eddan\u011b zdarma"": true, ""Wi-Fi zdarma"": true, ""Sn\u00eddan\u011b"": true, ""Star rating"": null, ""\u010cas odjezdu"": ""10:00"", ""\u010cas registrace"": ""14:00""}, ""Amenities"": {""Wi-Fi zdarma"": true, ""Sn\u00eddan\u011b zdarma"": true}}",,,https://lh5.googleusercontent.com/-xbmcxyiJFWQ/AAAAAAAAAAI/AAAAAAAAAAA/UUfvIqAJn_o/s44-p-k-no-ns-nd/photo.jpg,"Neform√°ln√≠ hotel s¬†p≈ô√≠jemn√Ωmi pokoji, tichou zahradou, restaurac√≠ a¬†v√Ωhledem na ≈ôeku.",True,110891608739660000000,Hotel T√Ωnec,https://www.google.com/maps/contrib/110891608739659932748,,,,,"https://www.google.com/maps/place/Hotel+T%C3%BDnec/@49.829860599999996,14.5911569,14z/data=!4m8!1m2!2m1!1sHotel+T%C3%BDnec!3m4!1s0x470b81379a488741:0x7c815730d9872b45!8m2!3d49.829860599999996!4d14.5911569",ChIJQYdImjeBC0cRRSuH2TBXgXw,0x470b81379a488741:0x7c815730d9872b45,8971547800018300000,8971547800018300000,,,,,,,,,,,,,,,,,,,,,,,,,,,, Tynec ,,"
Located on the bank of Sazava River in Tynec nad Sazavou, Hotel Tynec offers a spacious garden perfect for eating out, a fire place and barbecue facilities upon request. An on-site information centre offers an opportunity to arrange tailor-made bike trips in the surrounding.
Well-lit rooms at the Tynec offer carpeted floors, a desk and a wardrobe. Bathroom provides free toiletries and a shower. A large dance hall is located on site, while a restaurant can be found nearby. Free Wi-Fi is provided.
The property is very bicycle-friendly and offers bicycle repair service, bike and boat rentals. A cycling path, Green Way, starts on site.
River Sazava offers swimming and sunbathing opportunities, as well as canoeing and kayaking. Horseback riding and a golf course can be reached in 5 km.
Train and Bus Stop can be found in Tynec nad Sazavou, 300 m away. Aquapark in Mƒõ≈ô√≠n can be reached in 10 km.","Tynec, 
Klusackova 2, T√Ωnec nad S√°zavou, 257 41, Czech Republic
",False,False
Z√°meƒçek Kali≈°tƒõ,"Poddub√≠ 55, 251 65 Kali≈°tƒõ",,Poddub√≠ 55,Kali≈°tƒõ,Czechia,http://www.zamecek-kaliste.cz/,Hotel,Hotel,hotely,420603543629,251 65,,,CZ,49.8736111,14.7652778,Europe/Prague,,False,3.9,503.0,"https://search.google.com/local/reviews?placeid=ChIJG0HySzp4DEcREgXWB3wofuw&q=ubytov%C3%A1n%C3%AD,+Bene%C5%A1ov,+Central+Bohemia,+Czech+Republic&authuser=0&hl=cs&gl=CZ",,"{""1"": 57, ""2"": 35, ""3"": 59, ""4"": 117, ""5"": 235}",57.0,35.0,59.0,117.0,235.0,688.0,https://lh5.googleusercontent.com/p/AF1QipNYh2YBiQIp4Jmpp91WxFWmWm0K5AZmJeOdLPAo=w800-h500-k-no,https://lh5.googleusercontent.com/p/AF1QipNYh2YBiQIp4Jmpp91WxFWmWm0K5AZmJeOdLPAo=w1600-h1000-k-no,,,,,,OPERATIONAL,"{""Other"": {""Baz\u00e9n"": true, ""Parkov\u00e1n\u00ed zdarma"": true, ""Sn\u00eddan\u011b zdarma"": true, ""Wi-Fi zdarma"": true, ""Star rating"": null, ""\u010cas odjezdu"": ""11:00"", ""\u010cas registrace"": ""14:00""}, ""Amenities"": {""Wi-Fi zdarma"": true, ""Sn\u00eddan\u011b zdarma"": true}}",,,https://lh4.googleusercontent.com/-NDVCW43I3dU/AAAAAAAAAAI/AAAAAAAAAAA/-W0OVi0ov5I/s44-p-k-no-ns-nd/photo.jpg,Jednoduch√© pokoje v¬†klidn√©m hotelu s¬†restaurac√≠ a¬†barem v¬†prostor√°ch z√°meƒçku nedaleko ≈ôeky.,True,113328098857327000000,Z√°meƒçek Kali≈°tƒõ,https://www.google.com/maps/contrib/113328098857327237731,,,,,"https://www.google.com/maps/place/Z%C3%A1me%C4%8Dek+Kali%C5%A1t%C4%9B/@49.8736111,14.7652778,14z/data=!4m8!1m2!2m1!1sZ%C3%A1me%C4%8Dek+Kali%C5%A1t%C4%9B!3m4!1s0x470c783a4bf2411b:0xec7e287c07d60512!8m2!3d49.8736111!4d14.7652778",ChIJG0HySzp4DEcREgXWB3wofuw,0x470c783a4bf2411b:0xec7e287c07d60512,17041102553189100000,-1405641520520490000,,provozni@zamecek-kaliste.cz,,,,,,,,,,,,,,,,,,,,,,,,,,,,,,,
Statek ƒåesk√Ω dv≈Ør,"Nov√° Ves 16, 257 01 Postupice",,Nov√° Ves 16,Postupice,Czechia,http://www.ceskydvur.cz/,Ubytov√°n√≠ na farmƒõ,"Ubytov√°n√≠ na farmƒõ, Penzion, J√≠zda na koni",atrakce,420725531122,257 01,,,CZ,49.7156701,14.7398241,Europe/Prague,,False,4.2,77.0,"https://search.google.com/local/reviews?placeid=ChIJy2OI7ZyaDEcRAyOyop1lDog&q=ubytov%C3%A1n%C3%AD,+Bene%C5%A1ov,+Central+Bohemia,+Czech+Republic&authuser=0&hl=cs&gl=CZ",,"{""1"": 11, ""2"": 2, ""3"": 3, ""4"": 9, ""5"": 52}",11.0,2.0,3.0,9.0,52.0,62.0,https://lh5.googleusercontent.com/p/AF1QipO6C-GcYNsWWIiEvFJyImc65fIAuJKiXFE3eDwQ=w800-h500-k-no,https://lh5.googleusercontent.com/p/AF1QipO6C-GcYNsWWIiEvFJyImc65fIAuJKiXFE3eDwQ=w1600-h1000-k-no,,,,,,OPERATIONAL,"{""Other"": {""Parkov\u00e1n\u00ed zdarma"": true, ""Wi-Fi zdarma"": true, ""Sn\u00eddan\u011b"": true, ""Wi-Fi"": true, ""Star rating"": null, ""\u010cas odjezdu"": ""10:00"", ""\u010cas registrace"": ""14:00""}, ""Amenities"": {""Wi-Fi zdarma"": true}}",,,https://lh4.googleusercontent.com/-L9s55qNaGxo/AAAAAAAAAAI/AAAAAAAAAAA/tsABZS-MsiQ/s44-p-k-no-ns-nd/photo.jpg,,True,114057517044024000000,Statek ƒåesk√Ω dv≈Ør,https://www.google.com/maps/contrib/114057517044024396905,,,,,"https://www.google.com/maps/place/Statek+%C4%8Cesk%C3%BD+dv%C5%AFr/@49.7156701,14.7398241,14z/data=!4m8!1m2!2m1!1sStatek+%C4%8Cesk%C3%BD+dv%C5%AFr!3m4!1s0x470c9a9ced8863cb:0x880e659da2b22303!8m2!3d49.7156701!4d14.7398241",ChIJy2OI7ZyaDEcRAyOyop1lDog,0x470c9a9ced8863cb:0x880e659da2b22303,9803885166546000000,-8642858907163550000,,info@ceskydvur.cz,,,platby-podpora@comgate.cz,,,,,,420725531122,725531122,,https://www.facebook.com/konenovaves/,,,,,,,,,,,,,,"Ubytov√°n√≠, restaurace, ust√°jen√≠ kon√≠ | Bene≈°ov üêé Statek ƒåesk√Ω Dv≈Ør",,"P≈ôijeƒète k n√°m relaxovat a zapomenout na v≈°edn√≠ starosti do novƒõ zrekonstruovan√©ho are√°lu, kter√Ω V√°m nab√≠dne klid a pohodu v malebn√© p≈ô√≠rodƒõ mimo ruch mƒõst.",,,
Hotel Kormor√°n,"K P≈ô√≠vozu 24, 257 22 L≈°tƒõn√≠",,K P≈ô√≠vozu 24,L≈°tƒõn√≠,Czechia,https://www.kormoran-ubytovani.cz/,Hotel,Hotel,hotely,420602304026,257 22,,,CZ,49.880800699999995,14.7308095,Europe/Prague,,False,3.1,439.0,"https://search.google.com/local/reviews?placeid=ChIJ_y1temp4DEcRQUC_LljQIyE&q=ubytov%C3%A1n%C3%AD,+Bene%C5%A1ov,+Central+Bohemia,+Czech+Republic&authuser=0&hl=cs&gl=CZ",,"{""1"": 125, ""2"": 52, ""3"": 61, ""4"": 71, ""5"": 130}",125.0,52.0,61.0,71.0,130.0,480.0,https://lh5.googleusercontent.com/p/AF1QipNeLUQvRyL8hVUwT1X4mCpGApXUIqWo02KlYw-B=w800-h500-k-no,https://lh5.googleusercontent.com/p/AF1QipNeLUQvRyL8hVUwT1X4mCpGApXUIqWo02KlYw-B=w1600-h1000-k-no,,,,,,OPERATIONAL,"{""Other"": {""Parkov\u00e1n\u00ed zdarma"": true, ""Wi-Fi zdarma"": true, ""Sn\u00eddan\u011b"": true, ""Wi-Fi"": true, ""Star rating"": null, ""\u010cas odjezdu"": ""12:00"", ""\u010cas registrace"": ""14:00""}, ""Amenities"": {""Wi-Fi zdarma"": true}}",,,https://lh5.googleusercontent.com/-koU1tCtFOF8/AAAAAAAAAAI/AAAAAAAAAAA/qZAkscqOrWg/s44-p-k-no-ns-nd/photo.jpg,"Neform√°ln√≠ hotel na b≈ôehu ≈ôeky s¬†√∫tuln√Ωmi pokoji, restaurac√≠, terasou a¬†zahradou.",True,108514930846882000000,Hotel Kormor√°n,https://www.google.com/maps/contrib/108514930846881714768,,,,,"https://www.google.com/maps/place/Hotel+Kormor%C3%A1n/@49.880800699999995,14.7308095,14z/data=!4m8!1m2!2m1!1sHotel+Kormor%C3%A1n!3m4!1s0x470c786a7a6d2dff:0x2123d0582ebf4041!8m2!3d49.880800699999995!4d14.7308095",ChIJ_y1temp4DEcRQUC_LljQIyE,0x470c786a7a6d2dff:0x2123d0582ebf4041,2387981304596480000,2387981304596480000,,hotelkormoran@seznam.cz,,,,,,,,,420602304026,420602442735,,https://www.facebook.com/Hotel-Kormor,,,,,,,,https://wa.me/+420 602 304 026,,,,,,Ubytovan√≠ na b≈ôehu ≈ôeky S√°zavy | Hotel Kormor√°n L≈°tƒõn√≠ - Zlenice,,"Hotel ‚Äì penzion Komor√°n se nach√°z√≠ v malebn√© obci Zlenice na b≈ôehu ≈ôeky S√°zavy, obklopen n√°dhernou p≈ô√≠rodou.",,,
Apartment Michaela,"K P≈ôelo≈æce 1021, 256 01 Bene≈°ov",,K P≈ôelo≈æce 1021,Bene≈°ov,Czechia,,Ubytov√°n√≠ s pokojovou slu≈æbou,Ubytov√°n√≠ s pokojovou slu≈æbou,Ubytov√°n√≠ s pokojovou slu≈æbou,420774841621,256 01,,,CZ,49.782072899999996,14.676075299999999,Europe/Prague,,False,4.8,5.0,"https://search.google.com/local/reviews?placeid=ChIJV38kJp9_DEcRSw-OAFPBV7c&q=ubytov%C3%A1n%C3%AD,+Bene%C5%A1ov,+Central+Bohemia,+Czech+Republic&authuser=0&hl=cs&gl=CZ",,"{""1"": 0, ""2"": 0, ""3"": 0, ""4"": 1, ""5"": 4}",0.0,0.0,0.0,1.0,4.0,134.0,https://lh3.googleusercontent.com/gps-proxy/AGL7lfD7XGavfjq1uDmBuh0JPErFsyRrT9iEwFYWatOxaFurUP-8gE35StaMNmmpp3hGChKLe1MoLkD0ZyZXPdJpdpbCMWrcIlRgc0WWCEeelVhAvjgmEl7XElRlBlH7W-AoPrVmP9AElTX7DdtsYUrsj_MLdmOW9idymdgTq3gkXTVYuF7qrFTRJO01Sg=w800-h500-k-no,https://lh3.googleusercontent.com/gps-proxy/AGL7lfD7XGavfjq1uDmBuh0JPErFsyRrT9iEwFYWatOxaFurUP-8gE35StaMNmmpp3hGChKLe1MoLkD0ZyZXPdJpdpbCMWrcIlRgc0WWCEeelVhAvjgmEl7XElRlBlH7W-AoPrVmP9AElTX7DdtsYUrsj_MLdmOW9idymdgTq3gkXTVYuF7qrFTRJO01Sg=w1600-h1000-k-no,,,,,,OPERATIONAL,"{""Other"": {""Baz\u00e9n"": true, ""Wi-Fi zdarma"": true, ""Wi-Fi"": true, ""Star rating"": null, ""\u010cas odjezdu"": ""11:00""}, ""Amenities"": {""Wi-Fi zdarma"": true}}",,,https://lh5.googleusercontent.com/-wbkVyEEwLxk/AAAAAAAAAAI/AAAAAAAAAAA/CFxfIjzJtSk/s44-p-k-no-ns-nd/photo.jpg,,True,113959553197697000000,Apartment Michaela,https://www.google.com/maps/contrib/113959553197697439644,,,,,"https://www.google.com/maps/place/Apartment+Michaela/@49.782072899999996,14.676075299999999,14z/data=!4m8!1m2!2m1!1sApartment+Michaela!3m4!1s0x470c7f9f26247f57:0xb757c153008e0f4b!8m2!3d49.782072899999996!4d14.676075299999999",ChIJV38kJp9_DEcRSw-OAFPBV7c,0x470c7f9f26247f57:0xb757c153008e0f4b,13211240594150400000,-5235503479559160000,,,,,,,,,,,,,,,,,,,,,,,,,,,,,,,,,
Amber Hotel Konopi≈°tƒõ,"20, Bene≈°ov 20, 256 01 Bene≈°ov",Bene≈°ov,"20, Bene≈°ov 20, Bene≈°ov",Bene≈°ov,Czechia,http://www.amberhotels.cz/,Ubytov√°n√≠,Ubytov√°n√≠,Ubytov√°n√≠,,256 01,,,CZ,49.7738775,14.6718756,Europe/Prague,,False,3.3,55.0,"https://search.google.com/local/reviews?placeid=ChIJjQ_mIaGAC0cR96n9HcsCRQc&q=ubytov%C3%A1n%C3%AD,+Bene%C5%A1ov,+Central+Bohemia,+Czech+Republic&authuser=0&hl=cs&gl=CZ",,"{""1"": 8, ""2"": 7, ""3"": 14, ""4"": 10, ""5"": 16}",8.0,7.0,14.0,10.0,16.0,59.0,https://lh5.googleusercontent.com/p/AF1QipPFCRN10SdE6oagFDTQHVFbvLukhdPuNzLd9qRW=w800-h500-k-no,https://lh5.googleusercontent.com/p/AF1QipPFCRN10SdE6oagFDTQHVFbvLukhdPuNzLd9qRW=w1600-h1000-k-no,,,,,,OPERATIONAL,"{""Dostupnost"": {""Bezbari\u00e9rov\u00fd vstup"": true}, ""Other"": {""Parkov\u00e1n\u00ed zdarma"": true, ""Wi-Fi zdarma"": true, ""Wi-Fi"": true, ""Star rating"": null, ""\u010cas odjezdu"": ""12:00"", ""\u010cas registrace"": ""14:00""}, ""Amenities"": {""Wi-Fi zdarma"": true}}",,,,,False,,Amber Hotel Konopi≈°tƒõ,,,,,,"https://www.google.com/maps/place/Amber+Hotel+Konopi%C5%A1t%C4%9B/@49.7738775,14.6718756,14z/data=!4m8!1m2!2m1!1sAmber+Hotel+Konopi%C5%A1t%C4%9B!3m4!1s0x470b80a121e60f8d:0x74502cb1dfda9f7!8m2!3d49.7738775!4d14.6718756",ChIJjQ_mIaGAC0cR96n9HcsCRQc,0x470b80a121e60f8d:0x74502cb1dfda9f7,523828003063311000,523828003063311000,,bavor@amberhotels.cz,,,,,,,,,,,,,,,,,,,,,,,,,,,,,,,
Hostinec U Ku≈æelk≈Ø,"125, 125, 257 24",Hvƒõzdonice,"125, 125",Hvƒõzdonice,Czechia,http://ukuzelku.cz/,Hostinec s ubytov√°n√≠m,"Hostinec s ubytov√°n√≠m, Restaurace",Hostinec s ubytov√°n√≠m,420777855505,257 24,,,CZ,49.8722032,14.7745152,Europe/Prague,,False,4.3,224.0,"https://search.google.com/local/reviews?placeid=ChIJ2Vy0Nrp5DEcRQnYY6t8zJH4&q=ubytov%C3%A1n%C3%AD,+Bene%C5%A1ov,+Central+Bohemia,+Czech+Republic&authuser=0&hl=cs&gl=CZ",,"{""1"": 9, ""2"": 8, ""3"": 25, ""4"": 50, ""5"": 132}",9.0,8.0,25.0,50.0,132.0,222.0,https://lh5.googleusercontent.com/p/AF1QipPdpIJsBUJuS746YzrCGLDn7s8RQvugXwT_PykT=w800-h500-k-no,https://lh5.googleusercontent.com/p/AF1QipPdpIJsBUJuS746YzrCGLDn7s8RQvugXwT_PykT=w1600-h1000-k-no,,,,,,OPERATIONAL,"{""Other"": {""Parkov\u00e1n\u00ed zdarma"": true, ""Wi-Fi zdarma"": true, ""Wi-Fi"": true, ""Star rating"": null}, ""Amenities"": {""Wi-Fi zdarma"": true}}",,,,,False,,Hostinec U Ku≈æelk≈Ø,,,,,,"https://www.google.com/maps/place/Hostinec+U+Ku%C5%BEelk%C5%AF/@49.8722032,14.7745152,14z/data=!4m8!1m2!2m1!1sHostinec+U+Ku%C5%BEelk%C5%AF!3m4!1s0x470c79ba36b45cd9:0x7e2433dfea187642!8m2!3d49.8722032!4d14.7745152",ChIJ2Vy0Nrp5DEcRQnYY6t8zJH4,0x470c79ba36b45cd9:0x7e2433dfea187642,9089446984738700000,9089446984738700000,,info@ukuzelku.cz,,,,,,,,,420734646064,420777855505,,https://www.facebook.com/restauraceukuzelku/,https://www.instagram.com/hostinec_u_kuzelku,,,,,,,,,,,,,U Ku≈æelk≈Ø ‚Äì Restaurace u Ku≈æelk≈Ø,WordPress 6.1.1,,,False,False
Restaurace u Vlkov√© (penzion),"Bene≈°ovsk√° 174, 251 68 Kamenice",,Bene≈°ovsk√° 174,Kamenice,Czechia,http://www.restauraceuvlkove.cz/,Restaurace,"Restaurace, Penzion",restaurace,420737150918,251 68,,,CZ,49.8939509,14.615493899999999,Europe/Prague,,False,4.1,244.0,"https://search.google.com/local/reviews?placeid=ChIJm_HMhhOGC0cRy_-okyKk3_Q&q=ubytov%C3%A1n%C3%AD,+Bene%C5%A1ov,+Central+Bohemia,+Czech+Republic&authuser=0&hl=cs&gl=CZ",,"{""1"": 13, ""2"": 12, ""3"": 34, ""4"": 55, ""5"": 130}",13.0,12.0,34.0,55.0,130.0,108.0,https://lh5.googleusercontent.com/p/AF1QipOAyenSoSdLhqjaIaRwVxXGR4SxDuEkhNXx81LU=w800-h500-k-no,https://lh5.googleusercontent.com/p/AF1QipOAyenSoSdLhqjaIaRwVxXGR4SxDuEkhNXx81LU=w1600-h1000-k-no,,,,,,OPERATIONAL,"{""Mo\u017enosti slu\u017eeb"": {""Venkovn\u00ed posezen\u00ed"": true, ""Vyzvednut\u00ed venku"": true, ""Bezkontaktn\u00ed rozvoz"": true, ""Don\u00e1\u0161ka"": true, ""J\u00eddlo s\u00a0sebou"": true, ""J\u00eddlo na m\u00edst\u011b"": true}, ""Dostupnost"": {""Bezbari\u00e9rov\u00e9 posezen\u00ed"": false, ""Bezbari\u00e9rov\u00fd vstup"": false}, ""Nab\u00eddky"": {""Alkohol"": true, ""D\u011btsk\u00e9 menu"": true, ""K\u00e1va"": true, ""Nab\u00eddka pro vegetari\u00e1ny"": true, ""Pivo"": true, ""Tvrd\u00fd alkohol"": true, ""V\u00edno"": true}, ""Nab\u00eddka stravov\u00e1n\u00ed"": {""Sn\u00eddan\u011b"": true, ""Ob\u011bd"": true, ""Ve\u010de\u0159e"": true, ""Posezen\u00ed"": true}, ""Atmosf\u00e9ra"": {""Neform\u00e1ln\u00ed"": true, ""\u00datuln\u00e9"": true}, ""N\u00e1v\u0161t\u011bvn\u00edci"": {""Skupiny"": true, ""Vhodn\u00e9 pro rodiny"": true}, ""Pl\u00e1nov\u00e1n\u00ed"": {""P\u0159ij\u00edm\u00e1 rezervace"": true}, ""Platby"": {""Debetn\u00ed karty"": true, ""NFC platby"": true, ""Platebn\u00ed karty"": true}, ""Other"": {""Wi-Fi zdarma"": true, ""Wi-Fi"": true, ""Star rating"": null}, ""Amenities"": {""Wi-Fi zdarma"": true}}",,,https://lh3.googleusercontent.com/-AvSlTk9BGkg/AAAAAAAAAAI/AAAAAAAAAAA/Kfk_xu6PHX0/s44-p-k-no-ns-nd/photo.jpg,,True,116660325558870000000,Restaurace u Vlkov√©,https://www.google.com/maps/contrib/116660325558869735729,,,,,"https://www.google.com/maps/place/Restaurace+u+Vlkov%C3%A9+%28penzion%29/@49.8939509,14.615493899999999,14z/data=!4m8!1m2!2m1!1sRestaurace+u+Vlkov%C3%A9+%28penzion%29!3m4!1s0x470b861386ccf19b:0xf4dfa42293a8ffcb!8m2!3d49.8939509!4d14.615493899999999",ChIJm_HMhhOGC0cRy_-okyKk3_Q,0x470b861386ccf19b:0xf4dfa42293a8ffcb,17645002333474100000,-801741740235489000,,,,,,,,,,,420773781010,420724361161,,https://www.facebook.com/restaurace.u.vlkovee,https://www.instagram.com/restaurace.u.vlkove,,,,,,,,https://twitter.com/\t\t\t\t\t,,,,,√övod - Restaurace U Vlkov√©,WordPress 5.8.2,,,,
Pezion Stranny,"Strann√Ω 25, 257 56 Strann√Ω",Strann√Ω,"Strann√Ω 25, Strann√Ω",Strann√Ω,Czechia,https://pezionstranny.hottelgurub.top/,Hotel,Hotel,hotely,420731377645,257 56,,,CZ,49.753730399999995,14.4937361,Europe/Prague,,False,4.9,106.0,"https://search.google.com/local/reviews?placeid=ChIJhatpNrx4C0cRrI10umlvJ0Q&q=ubytov%C3%A1n%C3%AD,+Bene%C5%A1ov,+Central+Bohemia,+Czech+Republic&authuser=0&hl=cs&gl=CZ",,"{""1"": 0, ""2"": 1, ""3"": 1, ""4"": 7, ""5"": 97}",0.0,1.0,1.0,7.0,97.0,129.0,https://lh5.googleusercontent.com/p/AF1QipObvH3CrAAnSNgqxj0-LGVkMMrrvsfUYib1CxwS=w800-h500-k-no,https://lh5.googleusercontent.com/p/AF1QipObvH3CrAAnSNgqxj0-LGVkMMrrvsfUYib1CxwS=w1600-h1000-k-no,,,,,,OPERATIONAL,"{""Other"": {""Baz\u00e9n"": true, ""Sn\u00eddan\u011b zdarma"": true, ""Sn\u00eddan\u011b"": true, ""Parkov\u00e1n\u00ed"": true, ""Star rating"": null, ""\u010cas registrace"": ""15:00""}, ""Amenities"": {""Sn\u00eddan\u011b zdarma"": true}}",,,https://lh5.googleusercontent.com/-pm8FKRBYPk8/AAAAAAAAAAI/AAAAAAAAAAA/-LWqz7NbsZA/s44-p-k-no-ns-nd/photo.jpg,,True,105214941686381000000,Pezion Stranny,https://www.google.com/maps/contrib/105214941686380632747,,,,,"https://www.google.com/maps/place/Pezion+Stranny/@49.753730399999995,14.4937361,14z/data=!4m8!1m2!2m1!1sPezion+Stranny!3m4!1s0x470b78bc3669ab85:0x44276f69ba748dac!8m2!3d49.753730399999995!4d14.4937361",ChIJhatpNrx4C0cRrI10umlvJ0Q,0x470b78bc3669ab85:0x44276f69ba748dac,4911016418561270000,4911016418561270000,,,,,,,,,,,,,,,,,,,,,,,,,,,, Penzion Stranny ,,"Located in Strann√Ω, 49 km from Aquapalace, Penzion Stranny provides accommodation with a seasonal outdoor swimming pool, free private parking, a bar and a shared lounge. Among the various facilities of this property are a garden and a terrace. The accommodation offers room service, and organising tours for guests.
At the guest house, each room includes a desk, a flat-screen TV, a private bathroom, bed linen and towels. Free WiFi and a seating area are available to all guests, while selected rooms are fitted with a DVD player. Guest rooms will provide guests with a wardrobe and a kettle.
Penzion Stranny offers a continental or buffet breakfast.
Guests at the accommodation will be able to enjoy activities in and around Strann√Ω, like hiking and cycling.
The nearest airport is Vaclav Havel Prague Airport, 64 km from Penzion Stranny.","Penzion Stranny, 
Stranny 25, Strann√Ω, 257 56, Czech Republic
",False,False
Hotel Akademie Nah√°ƒç,"Komorn√≠ Hr√°dek 277, 257 24 Chocerady",,Komorn√≠ Hr√°dek 277,Chocerady,Czechia,https://www.hotelnahac.cz/,Hotel,"Hotel, Konferenƒçn√≠ a kongresov√© centrum, M√≠sto pro po≈ô√°d√°n√≠ akc√≠, Wellness centrum",hotely,420317759711,257 24,,,CZ,49.861952699999996,14.7923397,Europe/Prague,,False,4.3,684.0,"https://search.google.com/local/reviews?placeid=ChIJx-y1dPR5DEcRjzFp_myrbBo&q=ubytov%C3%A1n%C3%AD,+Bene%C5%A1ov,+Central+Bohemia,+Czech+Republic&authuser=0&hl=cs&gl=CZ",,"{""1"": 13, ""2"": 17, ""3"": 80, ""4"": 202, ""5"": 372}",13.0,17.0,80.0,202.0,372.0,1004.0,https://lh3.googleusercontent.com/gps-proxy/AGL7lfBF2kjimwiC1lP4Et0iG7LWvmahc4bvEDohX-5TPq5xRp_i3enC7VTCHFZA-ihcZ2gDDb_eSVZjroxKhHP10ljAN_ScC33WtKw2VVsWB3cl_7_e-5nzsYb0WXfAMT05arg3ExmagubAR-ZT_L7_U0-bXPx_kvQKUAsa237KW-_aglZKjlMtAsOF=w800-h500-k-no,https://lh3.googleusercontent.com/gps-proxy/AGL7lfBF2kjimwiC1lP4Et0iG7LWvmahc4bvEDohX-5TPq5xRp_i3enC7VTCHFZA-ihcZ2gDDb_eSVZjroxKhHP10ljAN_ScC33WtKw2VVsWB3cl_7_e-5nzsYb0WXfAMT05arg3ExmagubAR-ZT_L7_U0-bXPx_kvQKUAsa237KW-_aglZKjlMtAsOF=w1600-h1000-k-no,,,,,,OPERATIONAL,"{""Other"": {""Parkov\u00e1n\u00ed zdarma"": true, ""Sn\u00eddan\u011b zdarma"": true, ""Wi-Fi zdarma"": true, ""Klimatizace"": true, ""Star rating"": ""3hv\u011bzdi\u010dkov\u00fd"", ""\u010cas odjezdu"": ""11:00"", ""\u010cas registrace"": ""14:00""}, ""Amenities"": {""Wi-Fi zdarma"": true, ""Sn\u00eddan\u011b zdarma"": true}}",3hvƒõzdiƒçkov√Ω,,https://lh3.googleusercontent.com/-2hpG2oVRnb0/AAAAAAAAAAI/AAAAAAAAAAA/E-frDbljtyI/s44-p-k-no-ns-nd/photo.jpg,"Decentn√≠ hotel s¬†restaurac√≠ a¬†dvƒõma bary, wellness, tenisov√Ωmi kurty a¬†konferenƒçn√≠m prostorem.",True,114374501423157000000,Hotel Akademie Nah√°ƒç,https://www.google.com/maps/contrib/114374501423157077077,,,,,"https://www.google.com/maps/place/Hotel+Akademie+Nah%C3%A1%C4%8D/@49.861952699999996,14.7923397,14z/data=!4m8!1m2!2m1!1sHotel+Akademie+Nah%C3%A1%C4%8D!3m4!1s0x470c79f474b5ecc7:0x1a6cab6cfe69318f!8m2!3d49.861952699999996!4d14.7923397",ChIJx-y1dPR5DEcRjzFp_myrbBo,0x470c79f474b5ecc7:0x1a6cab6cfe69318f,1904085227084000000,1904085227084000000,,info@hotelnahac.cz,,,m.skvor@hotelnahac.cz,,,m.valentova@hotelnahac.cz,,,,,,https://www.facebook.com/hotelyakademie,https://www.instagram.com/hotelyakademie.cz,,,,,,,,,,,,,Hotel Akademie Nah√°ƒç | Hotel Akademie Nah√°ƒç,All in One SEO (AIOSEO) 4.2.6.1 ,"Rezervujte si pokoj Rezervovat Hotel Akademie Nah√°ƒç Malebn√© √∫dol√≠ S√°zavy l√°k√° k relaxaci, rodinn√© dovolen√© a d√≠ky vybavenosti hotelu tak√© k po≈ô√°d√°n√≠ oslav a konferenc√≠. Nab√≠z√≠ ubytov√°n√≠ v 50 komfortnƒõ za≈ô√≠zen√Ωch pokoj√≠ch a apartm√°nech s celkovou kapacitou a≈æ 113 host≈Ø.Hotel Nah√°ƒç se smƒõle m≈Ø≈æe ≈ôadit mezi jedno z nejnav≈°tƒõvovanƒõj≈°√≠ch konferenƒçn√≠ch center v regionu. Dos√°hl toho","hotel nah√°ƒç,farmapark sobƒõhrdy,salonky,ubytov√°n√≠,firemn√≠ akce,teambuilding,wellness v√≠kend",False,True
